{
  "earth": {
    "verts": [],
    "spriteOffset": [
      0.000755,
      -0.000755
    ],
    "spriteScale": [
      1.54566,
      1.54566
    ],
    "bakedClipR": 2.186961
  },
  "jupiter": {
    "verts": [],
    "spriteOffset": [
      0.007788,
      0.0
    ],
    "spriteScale": [
      1.063344,
      1.063344
    ],
    "bakedClipR": 1.509313
  },
  "mars": {
    "verts": [],
    "spriteOffset": [
      0.000754,
      -0.000754
    ],
    "spriteScale": [
      1.543331,
      1.543331
    ],
    "bakedClipR": 2.183666
  },
  "mercury": {
    "verts": [],
    "spriteOffset": [
      0.000755,
      -0.000755
    ],
    "spriteScale": [
      1.54566,
      1.54566
    ],
    "bakedClipR": 2.186961
  },
  "milkyway": {
    "verts": [],
    "spriteOffset": [
      0.007277,
      0.00104
    ],
    "spriteScale": [
      1.064449,
      1.064449
    ],
    "bakedClipR": 1.511246
  },
  "moon": {
    "verts": [],
    "spriteOffset": [
      0.003017,
      0.001508
    ],
    "spriteScale": [
      1.544495,
      1.544495
    ],
    "bakedClipR": 2.187446
  },
  "neptune": {
    "verts": [],
    "spriteOffset": [
      0.000754,
      -0.000754
    ],
    "spriteScale": [
      1.543331,
      1.543331
    ],
    "bakedClipR": 2.183666
  },
  "pluto": {
    "verts": [],
    "spriteOffset": [
      -0.019516,
      0.0
    ],
    "spriteScale": [
      1.598751,
      1.598751
    ],
    "bakedClipR": 2.274817
  },
  "saturn": {
    "verts": [],
    "spriteOffset": [
      0.047144,
      0.058236
    ],
    "spriteScale": [
      1.135885,
      1.135885
    ],
    "bakedClipR": 1.680917
  },
  "sun": {
    "verts": [],
    "spriteOffset": [
      0.002079,
      0.006237
    ],
    "spriteScale": [
      1.064449,
      1.064449
    ],
    "bakedClipR": 1.511241
  },
  "uranus": {
    "verts": [],
    "spriteOffset": [
      0.054368,
      0.155773
    ],
    "spriteScale": [
      1.251069,
      1.251069
    ],
    "bakedClipR": 1.919211
  },
  "venus": {
    "verts": [],
    "spriteOffset": [
      0.0,
      0.0
    ],
    "spriteScale": [
      1.667752,
      1.667752
    ],
    "bakedClipR": 2.358557
  }
}
